{"lr": [1e-08, 1.4454397707459274e-08, 1.7378008287493753e-08, 2.0892961308540398e-08, 2.51188643150958e-08, 3.019951720402016e-08, 3.630780547701014e-08, 4.36515832240166e-08, 5.248074602497726e-08, 6.309573444801934e-08, 7.585775750291837e-08, 9.120108393559096e-08, 1.0964781961431852e-07, 1.3182567385564074e-07, 1.5848931924611133e-07, 1.9054607179632475e-07, 2.2908676527677735e-07, 2.7542287033381663e-07, 3.311311214825911e-07, 3.9810717055349735e-07, 4.786300923226383e-07, 5.75439937337157e-07, 6.918309709189366e-07, 8.317637711026709e-07, 1e-06, 1.2022644346174132e-06, 1.445439770745928e-06, 1.7378008287493761e-06, 2.089296130854039e-06, 2.5118864315095797e-06, 3.0199517204020163e-06, 3.630780547701014e-06, 4.365158322401661e-06, 5.248074602497728e-06, 6.3095734448019305e-06, 7.585775750291836e-06, 9.120108393559096e-06, 1.0964781961431852e-05, 1.3182567385564076e-05, 1.584893192461114e-05, 1.9054607179632464e-05, 2.2908676527677725e-05, 2.7542287033381663e-05, 3.311311214825911e-05, 3.9810717055349735e-05, 4.786300923226385e-05, 5.7543993733715664e-05, 6.918309709189363e-05, 8.317637711026709e-05, 0.0001, 0.00012022644346174131, 0.0001445439770745928, 0.00017378008287493763, 0.0002089296130854041, 0.0002511886431509582, 0.0003019951720402019, 0.000363078054770101, 0.0004365158322401656, 0.0005248074602497723, 0.000630957344480193, 0.0007585775750291836, 0.0009120108393559097, 0.0010964781961431851, 0.0013182567385564075, 0.001584893192461114, 0.0019054607179632484, 0.0022908676527677745, 0.002754228703338169, 0.003311311214825908, 0.003981071705534969, 0.00478630092322638, 0.005754399373371567, 0.006918309709189364, 0.008317637711026709, 0.01, 0.012022644346174132, 0.01445439770745928, 0.017378008287493765, 0.02089296130854041, 0.025118864315095822, 0.030199517204020192, 0.036307805477010104, 0.04365158322401657, 0.05248074602497723, 0.0630957344480193, 0.07585775750291836, 0.09120108393559097, 0.10964781961431852, 0.13182567385564073, 0.15848931924611143, 0.19054607179632482, 0.2290867652767775, 0.2754228703338169, 0.3311311214825908, 0.3981071705534969, 0.47863009232263803, 0.5754399373371567, 0.6918309709189363, 0.8317637711026709, 1.0], "loss": [2.137202927560515, 2.756493744469388, 3.147612641514325, 3.4692171426981377, 3.610324481898973, 3.6743320192429594, 3.749541105320312, 3.780282468971834, 3.8360408221749838, 3.853391730390846, 3.875102323217759, 3.92525614460921, 3.933952364389919, 3.967489094372711, 3.9812464168849426, 3.9912207243015283, 4.0049428219356695, 4.016715028630655, 4.018836030642604, 4.0347637208865565, 4.041604531300504, 4.059819102154106, 4.07547646271387, 4.081974925820707, 4.087773021645983, 4.095733128997082, 4.092801361979342, 4.1069947032908285, 4.09838419929298, 4.1130091346529225, 4.111428860874926, 4.107057113359026, 4.10357984551945, 4.117263499207788, 4.123807362624251, 4.1184070024075865, 4.116946734725247, 4.120439253406436, 4.120646343149583, 4.1148781037961015, 4.118008186025646, 4.111966013610525, 4.113113341528558, 4.107269841395541, 4.110350017131996, 4.112397988371018, 4.103281170209569, 4.1011523594703645, 4.094510167018235, 4.094529382667224, 4.099474127456982, 4.081400179334157, 4.074755965609127, 4.08282099547646, 4.071490522746252, 4.063046442484008, 4.051762955160677, 4.041243641457058, 4.028942515714801, 4.013746472488464, 3.9968509894679243, 3.9844159533847323, 3.9701573073704703, 3.968824167592545, 3.9480430582895707, 3.9232243370252426, 3.9162891929212686, 3.8912134708882964, 3.872620757404622, 3.846867616960369, 3.825844666867737, 3.801420817902988, 3.7809220865775823, 3.7587771541829853, 3.732253329457861, 3.709992851709001, 3.679660367127969, 3.6559188245808256, 3.6301091395706298, 3.602224023537666, 3.580809082974072, 3.5499357226838035, 3.529244046793444, 3.499387317854956, 3.499969084109657, 3.4817954403988662, 3.473367839888691, 3.481373252560621, 3.4777723109504297, 3.4979409233533665, 3.503031174567601, 3.662104121011745, 3.7557752087684246, 3.8753741932050763, 4.074300799633536, 4.271377346816411, 4.741138274650222, 5.058651147261699, 5.047290794247221, 5.117527484699882]}